[{
  "slug": "contact",
  "title": "Contact",
  "file": "contact.php"
}, {
  "slug": "projects",
  "title": "Projects",
  "file": "projects.php",
  "children": [{
    "slug": "archer",
    "title": "Archer",
    "file": "archer.php",
    "image": "archer.jpg",
    "image_small": "archer-thumb.jpg"
  }, {
    "slug": "calculator",
    "title": "Calculator",
    "file": "calc.php",
    "image": "calc.jpg",
    "image_small": "calc-thumb.jpg"
  }, {
    "slug": "sync",
    "title": "Sync News",
    "file": "sync.php",
    "image": "sync.jpg",
    "image_small": "sync-thumb.jpg"
  }]
}]